Sexo;Edad;Provincias;Periodo;Total
Ambos sexos;Total;04 Almer�a;1 de julio de 2020;717.004
Ambos sexos;Total;04 Almer�a;1 de julio de 2015;693.634
Ambos sexos;Total;04 Almer�a;1 de julio de 2010;683.783
Ambos sexos;Total;11 C�diz;1 de julio de 2020;1.255.168
Ambos sexos;Total;11 C�diz;1 de julio de 2015;1.247.823
Ambos sexos;Total;11 C�diz;1 de julio de 2010;1.234.074
Ambos sexos;Total;14 C�rdoba;1 de julio de 2020;783.074
Ambos sexos;Total;14 C�rdoba;1 de julio de 2015;793.543
Ambos sexos;Total;14 C�rdoba;1 de julio de 2010;800.839
Ambos sexos;Total;18 Granada;1 de julio de 2020;925.831
Ambos sexos;Total;18 Granada;1 de julio de 2015;917.814
Ambos sexos;Total;18 Granada;1 de julio de 2010;917.503
Ambos sexos;Total;21 Huelva;1 de julio de 2020;528.424
Ambos sexos;Total;21 Huelva;1 de julio de 2015;521.738
Ambos sexos;Total;21 Huelva;1 de julio de 2010;516.786
Ambos sexos;Total;23 Ja�n;1 de julio de 2020;627.355
Ambos sexos;Total;23 Ja�n;1 de julio de 2015;648.938
Ambos sexos;Total;23 Ja�n;1 de julio de 2010;666.554
Ambos sexos;Total;29 M�laga;1 de julio de 2020;1.685.874
Ambos sexos;Total;29 M�laga;1 de julio de 2015;1.635.082
Ambos sexos;Total;29 M�laga;1 de julio de 2010;1.572.991
Ambos sexos;Total;41 Sevilla;1 de julio de 2020;1.959.975
Ambos sexos;Total;41 Sevilla;1 de julio de 2015;1.939.763
Ambos sexos;Total;41 Sevilla;1 de julio de 2010;1.910.388
